controller,settling_time_mean,settling_time_std,settling_time_ci_lower,settling_time_ci_upper
classical_smc,2.4154866803238435,0.28842332885520316,2.3335176772115838,2.4974556834361032
sta_smc,3.204079479915953,0.5179565991705576,3.0568778431484183,3.3512811166834875
adaptive_smc,2.6971060402630074,0.3712566252434215,2.5915960747868705,2.8026160057391443
hybrid_adaptive_sta_smc,3.78475999504051,0.5659860597337091,3.623908536609772,3.9456114534712485
