{
  "chattering": {
    "fixed": {
      "mean": 1649.0267107567854,
      "std": 772.8974552635241
    },
    "scheduler": {
      "mean": 4553.182092314051,
      "std": 2686.582396967151
    },
    "t_statistic": -7.271947677282895,
    "p_value": 1.1147894198661712e-09,
    "cohen_d": 1.4691552900115707,
    "percent_change": 176.11330141671667,
    "variance_ratio": 2.7611330141671666
  },
  "chattering_std": {
    "fixed": {
      "mean": 10464.884963648494,
      "std": 4760.28146640961
    },
    "scheduler": {
      "mean": 22146.680871011842,
      "std": 11146.722508345965
    },
    "t_statistic": -6.746560434706967,
    "p_value": 4.479285087589005e-09,
    "cohen_d": 1.3630110380189024,
    "percent_change": 111.62851715945274,
    "variance_ratio": 2.1162851715945274
  },
  "control_effort": {
    "fixed": {
      "mean": 12.669412084356672,
      "std": 3.6154304795136363
    },
    "scheduler": {
      "mean": 17.339225753201866,
      "std": 9.540934957897374
    },
    "t_statistic": -3.203838424150846,
    "p_value": 0.0021315878165663535,
    "cohen_d": 0.6472731072980245,
    "percent_change": 36.85896107690081,
    "variance_ratio": 1.368589610769008
  },
  "mean_s": {
    "fixed": {
      "mean": 7.12009381905939,
      "std": 2.5869705079703427
    },
    "scheduler": {
      "mean": 12.232371938272026,
      "std": 5.420838927744333
    },
    "t_statistic": -5.957880942959565,
    "p_value": 9.216876995279624e-08,
    "cohen_d": 1.203673718933946,
    "percent_change": 71.80071287161776,
    "variance_ratio": 1.7180071287161776
  },
  "std_s": {
    "fixed": {
      "mean": 14.502222953252987,
      "std": 3.555776913138258
    },
    "scheduler": {
      "mean": 20.24893105134775,
      "std": 5.025631168291172
    },
    "t_statistic": -6.534232817297503,
    "p_value": 3.981463865060703e-09,
    "cohen_d": 1.3201143814179266,
    "percent_change": 39.626394633560096,
    "variance_ratio": 1.396263946335601
  },
  "mean_s_variance": {
    "fixed": {
      "mean": 165.0573867613361,
      "std": 86.2836389678757
    },
    "scheduler": {
      "mean": 374.68487603113755,
      "std": 205.74279897046958
    },
    "t_statistic": -6.577196062947791,
    "p_value": 9.230587312648426e-09,
    "cohen_d": 1.3287942678010987,
    "percent_change": 127.00279180653169,
    "variance_ratio": 2.270027918065317
  },
  "max_s_variance": {
    "fixed": {
      "mean": 636.0247103479551,
      "std": 218.12911256858354
    },
    "scheduler": {
      "mean": 1084.7701794981467,
      "std": 336.6067479297308
    },
    "t_statistic": -7.83143111435654,
    "p_value": 1.3190796178570923e-11,
    "cohen_d": 1.5821880135305229,
    "percent_change": 70.55472245798326,
    "variance_ratio": 1.7055472245798327
  },
  "std_s_variance": {
    "fixed": {
      "mean": 224.7685752247041,
      "std": 74.97368262155496
    },
    "scheduler": {
      "mean": 358.62282983564177,
      "std": 102.61198831799233
    },
    "t_statistic": -7.372932924121402,
    "p_value": 7.947106139707047e-11,
    "cohen_d": 1.4895573908228013,
    "percent_change": 59.55203234131897,
    "variance_ratio": 1.5955203234131898
  }
}