{
  "classical_smc": {
    "controller_name": "classical_smc",
    "initial_cost": 1190.0,
    "final_cost": 533.4412718157464,
    "best_cost": 533.0,
    "total_iterations": 151,
    "iterations_to_90_percent": 33,
    "iterations_to_95_percent": 33,
    "iterations_to_99_percent": 33,
    "convergence_rate": 4.3509933774834435,
    "mean_improvement_per_iter": 4.322368421052632,
    "std_improvement": 28.46924725711141,
    "stagnation_iterations": 147,
    "total_time_seconds": 8705.9,
    "iterations_per_second": 0.017344559436703846,
    "final_gains": [
      24.4064764,
      4.76789963,
      7.93861695,
      0.70241873,
      3.60949233,
      0.05472458
    ]
  },
  "sta_smc": {
    "controller_name": "sta_smc",
    "initial_cost": 14400.0,
    "final_cost": 1973.9999050466217,
    "best_cost": 1970.0,
    "total_iterations": 151,
    "iterations_to_90_percent": 8,
    "iterations_to_95_percent": 31,
    "iterations_to_99_percent": 85,
    "convergence_rate": 82.31788079470199,
    "mean_improvement_per_iter": 81.77631578947368,
    "std_improvement": 857.978605433937,
    "stagnation_iterations": 147,
    "total_time_seconds": 8908.1,
    "iterations_per_second": 0.016950864943141634,
    "final_gains": [
      3.48529835,
      3.36778094,
      3.71571452,
      2.3013667,
      3.08735398,
      2.92730824
    ]
  },
  "adaptive_smc": {
    "controller_name": "adaptive_smc",
    "initial_cost": 2820.0,
    "final_cost": 1436.3337219395519,
    "best_cost": 1440.0,
    "total_iterations": 151,
    "iterations_to_90_percent": 138,
    "iterations_to_95_percent": 138,
    "iterations_to_99_percent": 138,
    "convergence_rate": 9.139072847682119,
    "mean_improvement_per_iter": 9.078947368421053,
    "std_improvement": 80.82648624278326,
    "stagnation_iterations": 149,
    "total_time_seconds": 9096.7,
    "iterations_per_second": 0.016599426165532553,
    "final_gains": [
      10.24487599,
      3.18290002,
      2.01643875,
      0.54612403,
      0.88513281
    ]
  },
  "hybrid_adaptive_sta_smc": {
    "controller_name": "hybrid_adaptive_sta_smc",
    "initial_cost": 1000000.0,
    "final_cost": 1000000.0,
    "best_cost": 1000000.0,
    "total_iterations": 151,
    "iterations_to_90_percent": 0,
    "iterations_to_95_percent": 0,
    "iterations_to_99_percent": 0,
    "convergence_rate": 0.0,
    "mean_improvement_per_iter": 0.0,
    "std_improvement": 0.0,
    "stagnation_iterations": 99,
    "total_time_seconds": 0.0,
    "iterations_per_second": 0.0,
    "final_gains": [
      28.51146461,
      9.56232148,
      27.87160976,
      1.91377763
    ]
  }
}