{
  "chattering": {
    "small_ic": {
      "mean": 4500.873566516887,
      "std": 2457.156979359053
    },
    "large_ic": {
      "mean": 4228.921456530331,
      "std": 1713.2105081132763
    },
    "t_statistic": 0.4447707533015921,
    "p_value": 0.6587227628192229,
    "cohen_d": 0.12839425707317342,
    "percent_change": 6.430767579440512
  },
  "control_effort": {
    "small_ic": {
      "mean": 16.864137670324624,
      "std": 9.705329693615258
    },
    "large_ic": {
      "mean": 21.808866677868135,
      "std": 2.7644013547347046
    },
    "t_statistic": -2.4004842389836014,
    "p_value": 0.02329818987232806,
    "cohen_d": -0.6929601107813181,
    "percent_change": -22.67302139345679
  },
  "mean_s": {
    "small_ic": {
      "mean": 12.074999786540259,
      "std": 4.124569982308346
    },
    "large_ic": {
      "mean": 12.749974585753451,
      "std": 1.5207251882483497
    },
    "t_statistic": -0.7522063477257763,
    "p_value": 0.45771075811673967,
    "cohen_d": -0.21714326867281109,
    "percent_change": -5.29393054608434
  },
  "mode_switch_freq": {
    "small_ic": {
      "mean": 0.20000000000000004,
      "std": 2.7755575615628914e-17
    },
    "large_ic": {
      "mean": 0.21600000000000005,
      "std": 0.07838367176906169
    },
    "t_statistic": -1.000000000000001,
    "p_value": 0.3272868812797848,
    "cohen_d": -0.28867513459481314,
    "percent_change": -7.407407407407413
  },
  "k1_adaptation_rate": {
    "small_ic": {
      "mean": 1.8597323657768927,
      "std": 0.808400104287034
    },
    "large_ic": {
      "mean": 2.4968881308918025,
      "std": 0.5059588412466083
    },
    "t_statistic": -3.2730201114864026,
    "p_value": 0.0021878719861783036,
    "cohen_d": -0.9448395212148668,
    "percent_change": -25.517994067573213
  },
  "k2_adaptation_rate": {
    "small_ic": {
      "mean": 0.19159130666553445,
      "std": 0.0827191521575838
    },
    "large_ic": {
      "mean": 0.2552802954561058,
      "std": 0.051187624154966804
    },
    "t_statistic": -3.2074804791188902,
    "p_value": 0.0026345890718202265,
    "cohen_d": -0.9259198590198806,
    "percent_change": -24.948650532066768
  },
  "k1_freeze_fraction": {
    "small_ic": {
      "mean": 0.9465600000000001,
      "std": 0.018097690460387453
    },
    "large_ic": {
      "mean": 0.9803999999999999,
      "std": 0.006928203230275516
    },
    "t_statistic": -8.554915777057808,
    "p_value": 1.1944613646056454e-09,
    "cohen_d": -2.469591463389451,
    "percent_change": -3.451652386780893
  },
  "k2_freeze_fraction": {
    "small_ic": {
      "mean": 0.91952,
      "std": 0.02476952966852619
    },
    "large_ic": {
      "mean": 0.94928,
      "std": 0.01308287430192613
    },
    "t_statistic": -5.204621562242498,
    "p_value": 7.790541848004272e-06,
    "cohen_d": -1.5024448299954185,
    "percent_change": -3.1350075846957703
  },
  "c1_variance": {
    "small_ic": {
      "mean": 2.6906465958752595,
      "std": 0.43791998747619926
    },
    "large_ic": {
      "mean": 0.00847644629664231,
      "std": 0.04152593651775558
    },
    "t_statistic": 29.871246634592882,
    "p_value": 9.50140615016682e-21,
    "cohen_d": 8.62308614275595,
    "percent_change": 31642.625408257216
  },
  "lambda1_variance": {
    "small_ic": {
      "mean": 4.305985386690881,
      "std": 0.7008267341772402
    },
    "large_ic": {
      "mean": 0.013565309520902966,
      "std": 0.06645617305826163
    },
    "t_statistic": 29.871246634592893,
    "p_value": 9.501406150166682e-21,
    "cohen_d": 8.623086142755955,
    "percent_change": 31642.62540825722
  },
  "dominant_mode": {
    "small_ic": {
      "conservative": 25
    },
    "large_ic": {
      "conservative": 25
    }
  }
}