{
  "timestamp": "2025-09-28T11:50:12.882276",
  "controllers_analyzed": [
    "classical_smc",
    "sta_smc",
    "adaptive_smc",
    "hybrid_adaptive_sta_smc"
  ],
  "performance_metrics": {
    "classical_smc": {
      "instantiation": {
        "avg_time_ms": 0.06761999771697447,
        "min_time_ms": 0.0577000027988106,
        "max_time_ms": 0.14519999967887998,
        "p95_time_ms": 0.11641499149845908,
        "success_rate": 1.0,
        "meets_1ms_target": true,
        "sample_times": [
          0.12509999214671552,
          0.14519999967887998,
          0.10579999070614576,
          0.06639999628532678,
          0.07339999137911946
        ]
      },
      "computation": {
        "avg_time_ms": 0.025310000928584486,
        "min_time_ms": 0.020700012100860476,
        "max_time_ms": 0.0484000047435984,
        "p95_time_ms": 0.04560499655781313,
        "success_rate": 1.0,
        "meets_realtime_target": true,
        "control_consistency": 7.105427357601002e-15,
        "avg_control_magnitude": 34.999999999027835
      },
      "stability": {
        "controller_type": "classical_smc",
        "gains": [
          20.0,
          15.0,
          12.0,
          8.0,
          35.0,
          5.0
        ],
        "constraints_passed": {
          "positive_gains": true,
          "correct_gain_count": true
        },
        "validated": true
      },
      "thread_safety": {
        "total_threads": 4,
        "successful_threads": 4,
        "failed_threads": 0,
        "success_rate": 1.0,
        "thread_safe": true,
        "errors": []
      },
      "overall_score": 100.0
    },
    "sta_smc": {
      "instantiation": {
        "avg_time_ms": 0.05152799974894151,
        "min_time_ms": 0.043199994252063334,
        "max_time_ms": 0.09359999967273325,
        "p95_time_ms": 0.07591999601572752,
        "success_rate": 1.0,
        "meets_1ms_target": true,
        "sample_times": [
          0.05809999129269272,
          0.07569999434053898,
          0.05879999662283808,
          0.05679999594576657,
          0.06960000609979033
        ]
      },
      "computation": {
        "avg_time_ms": 0.038542000111192465,
        "min_time_ms": 0.027599991881288588,
        "max_time_ms": 0.09539999882690609,
        "p95_time_ms": 0.08197000352083704,
        "success_rate": 1.0,
        "meets_realtime_target": true,
        "control_consistency": 0.2164630453449274,
        "avg_control_magnitude": 16.268888300841894
      },
      "stability": {
        "controller_type": "sta_smc",
        "gains": [
          25.0,
          15.0,
          20.0,
          12.0,
          8.0,
          6.0
        ],
        "constraints_passed": {
          "K1_greater_than_K2": true,
          "K1_positive": true,
          "K2_positive": true,
          "correct_gain_count": true
        },
        "validated": true
      },
      "thread_safety": {
        "total_threads": 4,
        "successful_threads": 4,
        "failed_threads": 0,
        "success_rate": 1.0,
        "thread_safe": true,
        "errors": []
      },
      "overall_score": 100.0
    },
    "adaptive_smc": {
      "instantiation": {
        "avg_time_ms": 0.07956200221087784,
        "min_time_ms": 0.06580000626854599,
        "max_time_ms": 0.23070001043379307,
        "p95_time_ms": 0.10977500860462892,
        "success_rate": 1.0,
        "meets_1ms_target": true,
        "sample_times": [
          0.07539999205619097,
          0.07589999586343765,
          0.07280000136233866,
          0.07530000584665686,
          0.07090000144671649
        ]
      },
      "computation": {
        "avg_time_ms": 0.037013999826740474,
        "min_time_ms": 0.02819999644998461,
        "max_time_ms": 0.08499999239575118,
        "p95_time_ms": 0.06582000642083585,
        "success_rate": 1.0,
        "meets_realtime_target": true,
        "control_consistency": 0.04669199199012776,
        "avg_control_magnitude": 10.117525969988428
      },
      "stability": {
        "controller_type": "adaptive_smc",
        "gains": [
          25.0,
          18.0,
          15.0,
          10.0,
          4.0,
          10.0
        ],
        "constraints_passed": {
          "positive_gains": true,
          "correct_gain_count": false,
          "adaptation_rate_positive": true
        },
        "validated": false,
        "failed_constraints": [
          "correct_gain_count"
        ]
      },
      "thread_safety": {
        "total_threads": 4,
        "successful_threads": 4,
        "failed_threads": 0,
        "success_rate": 1.0,
        "thread_safe": true,
        "errors": []
      },
      "overall_score": 75.0
    },
    "hybrid_adaptive_sta_smc": {
      "instantiation": {
        "avg_time_ms": 0.26645799982361495,
        "min_time_ms": 0.14390000433195382,
        "max_time_ms": 0.5742000066675246,
        "p95_time_ms": 0.4053850017953664,
        "success_rate": 1.0,
        "meets_1ms_target": true,
        "sample_times": [
          0.14390000433195382,
          0.18289999570697546,
          0.16989999858196825,
          0.2162000018870458,
          0.18020000425167382
        ]
      },
      "computation": {
        "avg_time_ms": 0.08824000076856464,
        "min_time_ms": 0.06469999789260328,
        "max_time_ms": 0.27510001382324845,
        "p95_time_ms": 0.14011000166647133,
        "success_rate": 1.0,
        "meets_realtime_target": true,
        "control_consistency": 5.647611721815329,
        "avg_control_magnitude": 15.077070389897777
      },
      "stability": {
        "controller_type": "hybrid_adaptive_sta_smc",
        "gains": [
          20.0,
          15.0,
          12.0,
          8.0,
          35.0,
          5.0
        ],
        "constraints_passed": {
          "correct_gain_count": false,
          "positive_gains": true
        },
        "validated": false,
        "failed_constraints": [
          "correct_gain_count"
        ]
      },
      "thread_safety": {
        "total_threads": 4,
        "successful_threads": 4,
        "failed_threads": 0,
        "success_rate": 1.0,
        "thread_safe": true,
        "errors": []
      },
      "overall_score": 75.0
    }
  },
  "optimization_recommendations": [
    "adaptive_smc: Stability validation failed: ['correct_gain_count']",
    "hybrid_adaptive_sta_smc: Stability validation failed: ['correct_gain_count']"
  ],
  "summary": {
    "overall_score": 87.5,
    "controllers_tested": 4,
    "instantiation_compliance_rate": 1.0,
    "stability_compliance_rate": 0.5,
    "thread_safety_compliance_rate": 1.0,
    "production_ready": false
  }
}