{
  "controller_creation_test": false,
  "fitness_evaluation_test": false,
  "hybrid_optimization": {},
  "comparison_results": {
    "classical_smc": {
      "best_cost": 0.0,
      "best_gains": [
        77.62164880704037,
        44.448965535453176,
        17.313360478316266,
        14.249992552127914,
        18.655715443709184,
        9.758661281203883
      ],
      "converged": true,
      "optimization_time": 0.36510515213012695,
      "n_gains": 6,
      "convergence_rate": 0.0,
      "final_improvement": 0.0
    },
    "adaptive_smc": {
      "best_cost": 1000.0,
      "best_gains": [
        77.62164880704037,
        44.448965535453176,
        17.313360478316266,
        14.249992552127914,
        1.0323557440877305
      ],
      "converged": false,
      "optimization_time": 0.020002126693725586,
      "n_gains": 5,
      "convergence_rate": 0.0,
      "final_improvement": 0.0
    },
    "sta_smc": {
      "best_cost": 0.0,
      "best_gains": [
        77.84769275848441,
        44.010087095701124,
        17.313360478316266,
        14.249992552127914,
        18.655715443709184,
        9.758661281203883
      ],
      "converged": true,
      "optimization_time": 0.13410568237304688,
      "n_gains": 6,
      "convergence_rate": 0.0,
      "final_improvement": 0.0
    },
    "hybrid_adaptive_sta_smc": {
      "best_cost": 1000.0,
      "best_gains": [
        77.62164880704037,
        44.448965535453176,
        17.313360478316266,
        14.249992552127914
      ],
      "converged": false,
      "optimization_time": 0.026677846908569336,
      "n_gains": 4,
      "convergence_rate": 0.0,
      "final_improvement": 0.0
    }
  },
  "convergence_analysis": {
    "controllers_tested": 4,
    "successful_optimizations": 4,
    "convergence_analysis": {
      "classical_smc": {
        "convergence_quality": "EXCELLENT",
        "achieved_target": true,
        "optimization_efficiency": 0.0,
        "computational_cost": 0.36510515213012695
      },
      "adaptive_smc": {
        "convergence_quality": "POOR",
        "achieved_target": false,
        "optimization_efficiency": 0.0,
        "computational_cost": 0.020002126693725586
      },
      "sta_smc": {
        "convergence_quality": "EXCELLENT",
        "achieved_target": true,
        "optimization_efficiency": 0.0,
        "computational_cost": 0.13410568237304688
      },
      "hybrid_adaptive_sta_smc": {
        "convergence_quality": "POOR",
        "achieved_target": false,
        "optimization_efficiency": 0.0,
        "computational_cost": 0.026677846908569336
      }
    },
    "performance_ranking": [
      {
        "rank": 1,
        "controller": "classical_smc",
        "best_cost": 0.0,
        "performance_score": 100
      },
      {
        "rank": 2,
        "controller": "sta_smc",
        "best_cost": 0.0,
        "performance_score": 80
      },
      {
        "rank": 3,
        "controller": "adaptive_smc",
        "best_cost": 1000.0,
        "performance_score": 60
      },
      {
        "rank": 4,
        "controller": "hybrid_adaptive_sta_smc",
        "best_cost": 1000.0,
        "performance_score": 40
      }
    ],
    "statistical_summary": {
      "mean_best_cost": 500.0,
      "std_best_cost": 500.0,
      "mean_optimization_time": 0.1364727020263672,
      "convergence_success_rate": 0.5
    }
  }
}