{
  "controller_type": "classical_smc",
  "gains": [
    31.156763148163698,
    10.669539286632004,
    14.00042750373098,
    9.362897381052425,
    22.69554405249293,
    5.002251410101574
  ],
  "validation_metrics": {
    "fitness": 1000000.0,
    "tracking_error_rms": 1000000.0,
    "chattering_index": 1000000.0,
    "control_effort_rms": 1000000.0,
    "smoothness_index": 0.0,
    "time_domain_index": 1000000.0,
    "freq_domain_index": 1.0
  },
  "acceptance_criteria": {
    "chattering_index": false,
    "tracking_error": false,
    "control_smoothness": false,
    "hf_power_ratio": false
  }
}