{
  "controller": "hybrid_adaptive_sta_smc",
  "random_seed": 42,
  "gains": [
    13.71088697774163,
    11.07138461130059,
    5.398781210310327,
    2.684918157678654
  ],
  "robust_cost": 8.872135169739817,
  "improvement_pct": 25.034603461945547,
  "timestamp": "2025-12-15T20:25:44.581055",
  "baseline_gains": [
    5.0,
    5.0,
    5.0,
    0.5
  ],
  "baseline_cost": 11.834973973940206
}