{
  "controller_type": "classical_smc",
  "phase53_gains": [
    23.670769359566975,
    14.288596313057464,
    8.86878335929106,
    3.5473665394849467,
    6.5205126986071775,
    2.92808593732843
  ],
  "best_parameters": {
    "epsilon_min": 0.04481637849063004,
    "alpha": 1.9168963930603626
  },
  "pso_optimization": {
    "n_particles": 30,
    "n_iterations": 50,
    "final_fitness": 6.307613341546217
  },
  "validation_statistics": {
    "n_runs": 100,
    "chattering_index": {
      "mean": 0.06613172505162457,
      "std": 0.06933181659265322,
      "ci_95": 0.01358903605216003
    },
    "settling_time": {
      "mean": 10.0,
      "std": 0.0,
      "ci_95": 0.0
    },
    "overshoot": {
      "mean": 4.738883674787569,
      "std": 1.1907707805821959,
      "ci_95": 0.23339107299411038
    },
    "control_energy": {
      "mean": 219664.71947590885,
      "std": 30021.70699892772
    }
  }
}