{
  "chattering": {
    "small_ic": {
      "mean": 1736.0586061094957,
      "std": 871.7251227835568
    },
    "large_ic": {
      "mean": 2224.8822569002673,
      "std": 563.6707952731215
    },
    "t_statistic": -2.3068699101467827,
    "p_value": 0.026178135442466523,
    "cohen_d": -0.6659359818043464,
    "percent_change": -21.970764937098586
  },
  "control_effort": {
    "small_ic": {
      "mean": 12.30058055110688,
      "std": 2.638631599525018
    },
    "large_ic": {
      "mean": 7.2986874936863435,
      "std": 4.236118982409324
    },
    "t_statistic": 4.909967399425376,
    "p_value": 1.5614831716961433e-05,
    "cohen_d": 1.417385499885264,
    "percent_change": 68.53140460866935
  },
  "mean_s": {
    "small_ic": {
      "mean": 7.228800390725788,
      "std": 3.1744578422864707
    },
    "large_ic": {
      "mean": 7.177494472195025,
      "std": 0.7466153868325928
    },
    "t_statistic": 0.07707475601495535,
    "p_value": 0.9391398860908067,
    "cohen_d": 0.0222495655664796,
    "percent_change": 0.7148165523431356
  },
  "mode_switch_freq": {
    "small_ic": {
      "mean": 0.4000000000000001,
      "std": 5.551115123125783e-17
    },
    "large_ic": {
      "mean": 0.0,
      "std": 0.0
    },
    "t_statistic": NaN,
    "p_value": NaN,
    "cohen_d": NaN,
    "percent_change": 0.0
  },
  "k1_adaptation_rate": {
    "small_ic": {
      "mean": 0.8240376759957576,
      "std": 0.298192117679228
    },
    "large_ic": {
      "mean": 0.8827820781835998,
      "std": 0.41298380590171097
    },
    "t_statistic": -0.5649695606403479,
    "p_value": 0.5749850597863166,
    "cohen_d": -0.16309266395982472,
    "percent_change": -6.654462481693538
  },
  "k2_adaptation_rate": {
    "small_ic": {
      "mean": 0.08637987656271273,
      "std": 0.029926690265680556
    },
    "large_ic": {
      "mean": 0.08933872061390767,
      "std": 0.041843369272291014
    },
    "t_statistic": -0.2817694165975585,
    "p_value": 0.7794576936591612,
    "cohen_d": -0.0813398242610021,
    "percent_change": -3.3119391355312575
  },
  "k1_freeze_fraction": {
    "small_ic": {
      "mean": 0.9572000000000002,
      "std": 0.009068627239003705
    },
    "large_ic": {
      "mean": 0.9948799999999999,
      "std": 0.004160000000000004
    },
    "t_statistic": -18.50143782922671,
    "p_value": 3.250119550967664e-19,
    "cohen_d": -5.340905055549583,
    "percent_change": -3.7873914441942462
  },
  "k2_freeze_fraction": {
    "small_ic": {
      "mean": 0.94144,
      "std": 0.004400727212631989
    },
    "large_ic": {
      "mean": 0.9943999999999998,
      "std": 0.0064000000000000055
    },
    "t_statistic": -33.40410903344472,
    "p_value": 3.671600625542188e-32,
    "cohen_d": -9.642935671249461,
    "percent_change": -5.325824617859996
  },
  "dominant_mode": {
    "small_ic": {
      "conservative": 25
    },
    "large_ic": {
      "conservative": 25
    }
  }
}