metric,before,after,improvement_pct
chattering,49.36830456917604,12.504699726965063,74.67059110882938
rmse,9.364696571231221,10.79890067868183,-15.315008837088758
fitness,37.36722216979259,11.992960012480092,67.90513365434181
