{
  "controller": "classical_smc",
  "gains": [
    29.69643385037665,
    8.34790239180897,
    4.790692856059962,
    2.5331996979605598,
    1.2337975806463621,
    0.08266365633734107
  ],
  "chattering": 12.504699726965063,
  "rmse": 10.79890067868183,
  "fitness": 11.992960012480092
}