{
  "controller_name": "classical_smc",
  "original_gains": [
    23.068200752497802,
    12.853586891155206,
    5.514970338688094,
    3.487196490326416,
    2.2331074770549435,
    0.14834799545581934
  ],
  "optimized_gains": [
    29.69643385037665,
    8.34790239180897,
    4.790692856059962,
    2.5331996979605598,
    1.2337975806463621,
    0.08266365633734107
  ],
  "chattering_before": 49.36830456917604,
  "chattering_after": 12.504699726965063,
  "rmse_before": 9.364696571231221,
  "rmse_after": 10.79890067868183,
  "fitness_before": 37.36722216979259,
  "fitness_after": 11.992960012480092,
  "improvement_pct": 67.90513365434181,
  "n_iterations": 50,
  "n_particles": 30,
  "converged": true,
  "optimization_time_sec": 782.434948
}