{
  "classical_smc": {
    "gains": [
      23.068200752497802,
      12.853586891155206,
      5.514970338688094,
      3.487196490326416,
      2.2331074770549435,
      0.14834799545581934
    ],
    "validation": {
      "fixed_gains": {
        "ic_0.05": {
          "settling_time_mean": 10.0,
          "settling_time_std": 0.0,
          "overshoot_mean": 370.0272306926653,
          "overshoot_std": 91.87355791614912,
          "chattering_mean": 0.09819940888278074,
          "chattering_std": 0.040727659784875,
          "control_effort_mean": 11.592642869886784,
          "convergence_rate": 0.0,
          "num_trials": 20
        },
        "ic_0.10": {
          "settling_time_mean": 10.0,
          "settling_time_std": 0.0,
          "overshoot_mean": 389.3382074572256,
          "overshoot_std": 118.33126855078585,
          "chattering_mean": 0.105770677725751,
          "chattering_std": 0.05206149508742154,
          "control_effort_mean": 13.072294708136733,
          "convergence_rate": 0.0,
          "num_trials": 20
        },
        "ic_0.20": {
          "settling_time_mean": 10.0,
          "settling_time_std": 0.0,
          "overshoot_mean": 410.303597924742,
          "overshoot_std": 122.00462417671939,
          "chattering_mean": 0.10275706439888277,
          "chattering_std": 0.06640929568426497,
          "control_effort_mean": 13.039825564784561,
          "convergence_rate": 0.0,
          "num_trials": 20
        },
        "ic_0.30": {
          "settling_time_mean": 10.0,
          "settling_time_std": 0.0,
          "overshoot_mean": 445.0784808437361,
          "overshoot_std": 122.95968446293334,
          "chattering_mean": 0.09090244921853687,
          "chattering_std": 0.0639755315580918,
          "control_effort_mean": 13.86512977477635,
          "convergence_rate": 0.0,
          "num_trials": 20
        }
      },
      "adaptive_scheduling": {
        "ic_0.05": {
          "settling_time_mean": 10.0,
          "settling_time_std": 0.0,
          "overshoot_mean": 468.9527734762346,
          "overshoot_std": 174.36287108343598,
          "chattering_mean": 0.07025759732850423,
          "chattering_std": 0.02390960068756496,
          "control_effort_mean": 4.414777279171778,
          "convergence_rate": 0.0,
          "num_trials": 20
        },
        "ic_0.10": {
          "settling_time_mean": 10.0,
          "settling_time_std": 0.0,
          "overshoot_mean": 493.42952080275217,
          "overshoot_std": 178.0661025429098,
          "chattering_mean": 0.06868419216460614,
          "chattering_std": 0.022272196724423786,
          "control_effort_mean": 4.510901364381509,
          "convergence_rate": 0.0,
          "num_trials": 20
        },
        "ic_0.20": {
          "settling_time_mean": 10.0,
          "settling_time_std": 0.0,
          "overshoot_mean": 506.5018937830987,
          "overshoot_std": 176.439304830114,
          "chattering_mean": 0.06237738507434706,
          "chattering_std": 0.018660069480269968,
          "control_effort_mean": 4.696653980743285,
          "convergence_rate": 0.0,
          "num_trials": 20
        },
        "ic_0.30": {
          "settling_time_mean": 10.0,
          "settling_time_std": 0.0,
          "overshoot_mean": 531.8272894212332,
          "overshoot_std": 173.37307138956763,
          "chattering_mean": 0.06432222539550046,
          "chattering_std": 0.032539700887488025,
          "control_effort_mean": 4.323732881123844,
          "convergence_rate": 0.0,
          "num_trials": 20
        }
      }
    },
    "num_trials": 20,
    "seed": 42
  },
  "sta_smc": {
    "gains": [
      2.017611719524936,
      6.672119935276616,
      5.618034769343865,
      3.7474442752642325,
      4.355334618057576,
      2.054542527244675
    ],
    "validation": {
      "fixed_gains": {
        "ic_0.05": {
          "settling_time_mean": 10.0,
          "settling_time_std": 0.0,
          "overshoot_mean": 369.7717348933182,
          "overshoot_std": 129.11730218746257,
          "chattering_mean": 0.036017108294513364,
          "chattering_std": 0.010730614524384919,
          "control_effort_mean": 12.190899207529833,
          "convergence_rate": 0.0,
          "num_trials": 20
        },
        "ic_0.10": {
          "settling_time_mean": 10.0,
          "settling_time_std": 0.0,
          "overshoot_mean": 361.07014124603904,
          "overshoot_std": 113.97495821084988,
          "chattering_mean": 0.03770068533615038,
          "chattering_std": 0.009812990852831839,
          "control_effort_mean": 12.03215997176692,
          "convergence_rate": 0.0,
          "num_trials": 20
        },
        "ic_0.20": {
          "settling_time_mean": 10.0,
          "settling_time_std": 0.0,
          "overshoot_mean": 374.34848725253835,
          "overshoot_std": 103.17654172408344,
          "chattering_mean": 0.03529795224143389,
          "chattering_std": 0.011220693484781564,
          "control_effort_mean": 12.512877166210693,
          "convergence_rate": 0.0,
          "num_trials": 20
        },
        "ic_0.30": {
          "settling_time_mean": 10.0,
          "settling_time_std": 0.0,
          "overshoot_mean": 387.7677484241262,
          "overshoot_std": 108.2812981452867,
          "chattering_mean": 0.03090581844091077,
          "chattering_std": 0.009651159609398014,
          "control_effort_mean": 14.626154017845398,
          "convergence_rate": 0.0,
          "num_trials": 20
        }
      },
      "adaptive_scheduling": {
        "ic_0.05": {
          "settling_time_mean": 10.0,
          "settling_time_std": 0.0,
          "overshoot_mean": 369.7717348933182,
          "overshoot_std": 129.11730218746257,
          "chattering_mean": 0.036017108294513364,
          "chattering_std": 0.010730614524384919,
          "control_effort_mean": 12.190899207529833,
          "convergence_rate": 0.0,
          "num_trials": 20
        },
        "ic_0.10": {
          "settling_time_mean": 10.0,
          "settling_time_std": 0.0,
          "overshoot_mean": 361.07014124603904,
          "overshoot_std": 113.97495821084988,
          "chattering_mean": 0.03770068533615038,
          "chattering_std": 0.009812990852831839,
          "control_effort_mean": 12.03215997176692,
          "convergence_rate": 0.0,
          "num_trials": 20
        },
        "ic_0.20": {
          "settling_time_mean": 10.0,
          "settling_time_std": 0.0,
          "overshoot_mean": 374.34848725253835,
          "overshoot_std": 103.17654172408344,
          "chattering_mean": 0.03529795224143389,
          "chattering_std": 0.011220693484781564,
          "control_effort_mean": 12.512877166210693,
          "convergence_rate": 0.0,
          "num_trials": 20
        },
        "ic_0.30": {
          "settling_time_mean": 10.0,
          "settling_time_std": 0.0,
          "overshoot_mean": 387.7677484241262,
          "overshoot_std": 108.2812981452867,
          "chattering_mean": 0.03090581844091077,
          "chattering_std": 0.009651159609398014,
          "control_effort_mean": 14.626154017845398,
          "convergence_rate": 0.0,
          "num_trials": 20
        }
      }
    },
    "num_trials": 20,
    "seed": 42
  },
  "adaptive_smc": {
    "gains": [
      2.142207994033271,
      3.355938383745894,
      7.200505646106438,
      0.3374379808658892,
      0.2852044368386544
    ],
    "validation": {
      "fixed_gains": {
        "ic_0.05": {
          "settling_time_mean": 10.0,
          "settling_time_std": 0.0,
          "overshoot_mean": 297.7669851912456,
          "overshoot_std": 5.641652938548247,
          "chattering_mean": 0.03258469122250189,
          "chattering_std": 0.0033400073615230358,
          "control_effort_mean": 19.787436890943034,
          "convergence_rate": 0.0,
          "num_trials": 20
        },
        "ic_0.10": {
          "settling_time_mean": 10.0,