{
  "controllers_validated": 4,
  "all_converged": true,
  "avg_improvement_pct": 6.347985241904826,
  "results": [
    {
      "controller_name": "classical_smc",
      "original_gains": [
        5.0,
        5.0,
        5.0,
        0.5,
        0.5,
        0.5
      ],
      "optimized_gains": [
        23.068200752497802,
        12.853586891155206,
        5.514970338688094,
        3.487196490326416,
        2.2331074770549435,
        0.14834799545581934
      ],
      "nominal_cost_before": 9.14268289189507,
      "nominal_cost_after": 8.94681136153087,
      "disturbed_cost_before": 9.152412409912786,
      "disturbed_cost_after": 8.951438816566911,
      "robust_cost_before": 9.144985519677858,
      "robust_cost_after": 8.948163533630144,
      "improvement_pct": 2.152239449960854,
      "n_iterations": 50,
      "n_particles": 30,
      "converged": true
    },
    {
      "controller_name": "sta_smc",
      "original_gains": [
        8.0,
        4.0,
        12.0,
        6.0,
        4.85,
        3.43
      ],
      "optimized_gains": [
        2.017611719524936,
        6.672119935276616,
        5.618034769343865,
        3.7474442752642325,
        4.355334618057576,
        2.054542527244675
      ],
      "nominal_cost_before": 9.073246607761421,
      "nominal_cost_after": 8.940405508520934,
      "disturbed_cost_before": 9.058544829042768,
      "disturbed_cost_after": 8.956717523374214,
      "robust_cost_before": 9.069529827650864,
      "robust_cost_after": 8.94464250939839,
      "improvement_pct": 1.3769988149961454,
      "n_iterations": 50,
      "n_particles": 30,
      "converged": true
    },
    {
      "controller_name": "adaptive_smc",
      "original_gains": [
        10.0,
        8.0,
        5.0,
        4.0,
        1.0
      ],
      "optimized_gains": [
        2.142207994033271,
        3.355938383745894,
        7.200505646106438,
        0.3374379808658892,
        0.2852044368386544
      ],
      "nominal_cost_before": 9.071301682551391,
      "nominal_cost_after": 9.028345086897339,
      "disturbed_cost_before": 9.056580494825777,
      "disturbed_cost_after": 9.013511767203493,
      "robust_cost_before": 9.067580015562516,
      "robust_cost_after": 9.024595188038605,
      "improvement_pct": 0.4740496080557024,
      "n_iterations": 50,
      "n_particles": 30,
      "converged": true
    },
    {
      "controller_name": "hybrid_adaptive_sta_smc",
      "original_gains": [
        5.0,
        5.0,
        5.0,
        0.5
      ],
      "optimized_gains": [
        10.148979254143576,
        12.839386550675101,
        6.815065802267164,
        2.7500136927843215
      ],
      "nominal_cost_before": 11.82225690953942,
      "nominal_cost_after": 8.738144868386623,
      "disturbed_cost_before": 11.187740955099253,
      "disturbed_cost_after": 9.092593384151321,
      "robust_cost_before": 11.488793291657803,
      "robust_cost_after": 9.03149514974868,
      "improvement_pct": 21.388653094606603,
      "n_iterations": 50,
      "n_particles": 30,
      "converged": true
    }
  ]
}