{
  "controller": "hybrid_adaptive_sta_smc",
  "gains": [
    14.619184289050752,
    18.667551017209206,
    9.642393920636964,
    2.39294834059788
  ],
  "energy": 0.0,
  "rmse": 8.513831406947817,
  "fitness": 2.554149422084345
}