{
  "controller_type": "hybrid_adaptive_sta_smc",
  "phase53_gains": [
    23.670769359566975,
    14.288596313057464,
    8.86878335929106,
    3.5473665394849467
  ],
  "best_parameters": {
    "gamma1": 0.015998809870183622,
    "gamma2": 0.005,
    "adapt_rate_limit": 0.10672104395035184,
    "gain_leak": 0.00031938299897914105
  },
  "pso_optimization": {
    "n_particles": 30,
    "n_iterations": 50,
    "final_fitness": 35.615557406626145
  },
  "validation_statistics": {
    "n_runs": 100,
    "chattering_index": {
      "mean": 48.97926937702878,
      "std": 8.626964506231989,
      "ci_95": 1.69088504322147
    },
    "settling_time": {
      "mean": 9.9009,
      "std": 0.9909999999999998,
      "ci_95": 0.19423599999999994
    },
    "overshoot": {
      "mean": 5.456461163549071,
      "std": 0.762537990096168,
      "ci_95": 0.14945744605884892
    },
    "control_energy": {
      "mean": 886.7471082088067,
      "std": 244.1932728564481
    },
    "emergency_reset_rate": {
      "mean": 0.89375,
      "std": 0.03321383884631663,
      "ci_95": 0.006509912413878059
    }
  }
}