{
  "controller_type": "hybrid_adaptive_sta_smc",
  "phase53_gains": [
    23.670769359566975,
    14.288596313057464,
    8.86878335929106,
    3.5473665394849467
  ],
  "best_parameters": {
    "gamma1": 0.08823149104581988,
    "gamma2": 0.014380635254022882,
    "adapt_rate_limit": 0.2537023596618836,
    "gain_leak": 0.0003475366806540084
  },
  "pso_optimization": {
    "n_particles": 30,
    "n_iterations": 50,
    "final_fitness": 36.543577922268994
  },
  "validation_statistics": {
    "n_runs": 100,
    "chattering_index": {
      "mean": 49.1407809414554,
      "std": 7.207755043646656,
      "ci_95": 1.4127199885547443
    },
    "settling_time": {
      "mean": 9.900699999999999,
      "std": 0.9929999999999995,
      "ci_95": 0.1946279999999999
    },
    "overshoot": {
      "mean": 5.505378861924839,
      "std": 0.9918106150817386,
      "ci_95": 0.19439488055602078
    },
    "control_energy": {
      "mean": 895.8999130069675,
      "std": 204.84123643998552
    },
    "emergency_reset_rate": {
      "mean": 0.89534,
      "std": 0.03085849751181787,
      "ci_95": 0.006048265512316303
    }
  }
}