{
  "classical_smc": {
    "controller_type": "classical_smc",
    "num_steps": 10000,
    "dt": 0.01,
    "duration_seconds": 100.0,
    "timestamp": "2025-11-11T07:07:42.670739",
    "baseline_memory_mb": 154.67578125,
    "final_memory_mb": 157.078125,
    "total_growth_mb": 2.40234375,
    "growth_per_step_kb": 0.246,
    "peak_memory_mb": 157.078125,
    "memory_samples": [
      154.73828125,
      154.73828125,
      154.7421875,
      154.7421875,
      154.7421875,
      154.74609375,
      154.75,
      154.75390625,
      154.76171875,
      154.7734375,
      154.78515625,
      154.80078125,
      154.83984375,
      154.90234375,
      154.96875,
      155.0625,
      155.0625,
      155.16015625,
      155.16015625,
      155.16015625,
      155.25,
      155.3125,
      155.34765625,
      155.34765625,
      155.34765625,
      155.43359375,
      155.43359375,
      155.43359375,
      155.4609375,
      155.5234375,
      155.5234375,
      155.5234375,
      155.5234375,
      155.5859375,
      155.5859375,
      155.5859375,
      155.65625,
      155.71875,
      155.71875,
      155.71875,
      155.71875,
      155.79296875,
      155.79296875,
      155.79296875,
      155.79296875,
      155.85546875,
      155.859375,
      155.859375,
      155.859375,
      155.921875,
      155.921875,
      155.921875,
      155.96875,
      156.03125,
      156.03125,
      156.03125,
      156.03125,
      156.09375,
      156.19921875,
      156.19921875,
      156.19921875,
      156.203125,
      156.21875,
      156.234375,
      156.24609375,
      156.26171875,
      156.3828125,
      156.3828125,
      156.38671875,
      156.38671875,
      156.44921875,
      156.44921875,
      156.44921875,
      156.44921875,
      156.57421875,
      156.57421875,
      156.57421875,
      156.57421875,
      156.640625,
      156.640625,
      156.640625,
      156.640625,
      156.703125,
      156.76953125,
      156.76953125,
      156.76953125,
      156.78515625,
      156.80078125,
      156.81640625,
      156.83203125,
      156.8515625,
      156.8671875,
      156.8828125,
      156.8984375,
      156.99609375,
      157.01171875,
      157.02734375,
      157.046875,
      157.0625,
      157.078125
    ],
    "step_samples": [
      100,
      200,
      300,
      400,
      500,
      600,
      700,
      800,
      900,
      1000,
      1100,
      1200,
      1300,
      1400,
      1500,
      1600,
      1700,
      1800,
      1900,
      2000,
      2100,
      2200,
      2300,
      2400,
      2500,
      2600,
      2700,
      2800,
      2900,
      3000,
      3100,
      3200,
      3300,
      3400,
      3500,
      3600,
      3700,
      3800,
      3900,
      4000,
      4100,
      4200,
      4300,
      4400,
      4500,
      4600,
      4700,
      4800,
      4900,
      5000,
      5100,
      5200,
      5300,
      5400,
      5500,
      5600,
      5700,
      5800,
      5900,
      6000,
      6100,
      6200,
      6300,
      6400,
      6500,
      6600,
      6700,
      6800,
      6900,
      7000,
      7100,
      7200,
      7300,
      7400,
      7500,
      7600,
      7700,
      7800,
      7900,
      8000,
      8100,
      8200,
      8300,
      8400,
      8500,
      8600,
      8700,
      8800,
      8900,
      9000,
      9100,
      9200,
      9300,
      9400,
      9500,
      9600,
      9700,
      9800,
      9900,
      10000
    ],
    "history_sizes": {},
    "verdict": "OK"
  },
  "sta_smc": {
    "controller_type": "sta_smc",
    "num_steps": 10000,
    "dt": 0.01,
    "duration_seconds": 100.0,
    "timestamp": "2025-11-11T07:07:43.921369",
    "baseline_memory_mb": 182.12890625,
    "final_memory_mb": 205.7734375,
    "total_growth_mb": 23.64453125,
    "growth_per_step_kb": 2.4212,
    "peak_memory_mb": 205.7734375,
    "memory_samples": [
      205.34765625,
      205.34765625,
      205.34765625,
      205.34765625,
      205.34765625,
      205.4375,
      205.4375,
      205.4375,
      205.4375,
      205.4375,
      205.4375,
      205.4375,
      205.4375,
      205.4375,
      205.4375,
      205.4375,
      205.4375,
      205.44921875,
      205.44921875,
      205.44921875,
      205.44921875,
      205.44921875,
      205.44921875,
      205.44921875,
      205.44921875,
      205.44921875,
      205.44921875,
      205.44921875,
      205.44921875,
      205.44921875,
      205.44921875,
      205.44921875,
      205.44921875,
      205.44921875,
      205.44921875,
      205.44921875,
      205.4765625,
      205.4765625,
      205.4765625,
      205.4765625,
      205.4765625,
      205.5,
      205.5,
      205.5,
      205.5,
      205.5,
      205.5078125,
      205.51171875,
      205.51171875,
      205.51171875,
      205.51171875,
      205.51171875,
      205.515625,
      205.515625,
      205.515625,
      205.515625,
      205.515625,
      205.515625,
      205.5625,
      205.56640625,
      205.56640625,
      205.56640625,
      205.56640625,
      205.56640625,
      205.56640625,
      205.56640625,
      205.62109375,
      205.625,
      205.625,
      205.625,
      205.625,
      205.625,
      205.625,
      205.625,
      205.69140625,
      205.69140625,
      205.69140625,
      205.69140625,
      205.69140625,
      205.69140625,
      205.69140625,
      205.69140625,
      205.69140625,
      205.69140625,
      205.69140625,
      205.69140625,
      205.69140625,
      205.69140625,
      205.69140625,
      205.69140625,
      205.69140625,
      205.69140625,
      205.69140625,
      205.69140625,
      205.76953125,
      205.76953125,
      205.76953125,
      205.7734375,
      205.7734375,
      205.7734375
    ],
    "step_samples": [
      100,
      200,
      300,
      400,
      500,
      600,
      700,
      800,
      900,
      1000,
      1100,
      1200,
      1300,
      1400,
      1500,
      1600,
      1700,
      1800,
      1900,
      2000,
      2100,
      2200,
      2300,
      2400,
      2500,
      2600,
      2700,
      2800,
      2900,
      3000,
      3100,
      3200,
      3300,
      3400,
      3500,
      3600,
      3700,
      3800,
      3900,
      4000,
      4100,
      4200,
      4300,
      4400,
      4500,
      4600,
      4700,
      4800,
      4900,
      5000,
      5100,
      5200,
      5300,
      5400,
      5500,
      5600,
      5700,
      5800,
      5900,
      6000,
      6100,
      6200,
      6300,
      6400,
      6500,
      6600,
      6700,
      6800,
      6900,
      7000,
      7100,
      7200,
      7300,
      7400,
      7500,
      7600,
      7700,
      7800,
      7900,
      8000,
      8100,
      8200,
      8300,
      8400,
      8500,
      8600,
      8700,
      8800,
      8900,
      9000,
      9100,
      9200,
      9300,
      9400,
      9500,
      9600,
      9700,
      9800,
      9900,
      10000
    ],
    "history_sizes": {},
    "verdict": "LEAK DETECTED"
  },
  "adaptive_smc": {
    "controller_type": "adaptive_smc",
    "num_steps": 10000,
    "dt": 0.01,
    "duration_seconds": 100.0,
    "timestamp": "2025-11-11T07:07:45.366671",
    "baseline_memory_mb": 206.98046875,
    "final_memory_mb": 207.02734375,
    "total_growth_mb": 0.046875,
    "growth_per_step_kb": 0.0048,
    "peak_memory_mb": 207.02734375,