{
  "controller": "classical_smc",
  "random_seed": 42,
  "gains": [
    24.698689977893583,
    8.34722433137984,
    5.659440209569074,
    3.201636617193734,
    4.620562647862135,
    0.09383483900591871
  ],
  "robust_cost": 8.911504739153175,
  "improvement_pct": 2.553101697343178,
  "timestamp": "2025-12-16T10:14:59.939813",
  "baseline_gains": [
    5.0,
    5.0,
    5.0,
    0.5,
    0.5,
    0.5
  ],
  "baseline_cost": 9.144985519677858
}