{
  "controller": "sta_smc",
  "random_seed": 42,
  "gains": [
    1.5115092467635165,
    8.934854041521406,
    7.3811123490561945,
    2.6183608993046654,
    5.246524772250162,
    2.4363238225751918
  ],
  "robust_cost": 8.925634494595585,
  "improvement_pct": 1.5865798535286455,
  "timestamp": "2025-12-15T19:22:07.450809",
  "baseline_gains": [
    8.0,
    4.0,
    12.0,
    6.0,
    4.85,
    3.43
  ],
  "baseline_cost": 9.069529827650864
}