controller_name,n_runs,n_success,success_rate,settling_time_mean,settling_time_std,settling_time_ci_lower,settling_time_ci_upper,overshoot_mean,overshoot_std,overshoot_ci_lower,overshoot_ci_upper,energy_mean,energy_std,energy_ci_lower,energy_ci_upper,chattering_freq_mean,chattering_freq_std,chattering_amp_mean,chattering_amp_std
classical_smc,100,100,1.0,10.0,0.0,10.0,10.0,27487.648163637925,22121.705722904397,23151.793841948664,31823.502485327186,9842.62796540901,7517.822819361939,8369.13469281407,11316.12123800395,0.002,0.014070529413628973,0.6468457250542465,0.3467124092383601
sta_smc,100,100,1.0,10.0,0.0,10.0,10.0,15082.999132557563,13222.810182946387,12491.328336700071,17674.669928415053,202906.97268907604,15749.489478787233,199820.07275123373,205993.87262691834,0.0,0.0,3.0884101897119645,0.1405951421102131
adaptive_smc,100,100,1.0,10.0,0.0,10.0,10.0,15246.005916910697,13391.413735280034,12621.28882479581,17870.723009025583,214254.97649132437,6254.366991482635,213029.12056099376,215480.83242165498,0.0,0.0,3.097936758970093,0.030490938896686602
hybrid_adaptive_sta_smc,100,100,1.0,10.0,0.0,10.0,10.0,100.0,0.0,100.0,100.0,1000000.0,0.0,1000000.0,1000000.0,0.0,0.0,0.0,0.0
