{
  "controller": "adaptive_smc",
  "random_seed": 42,
  "gains": [
    2.2334973838694907,
    2.4834745489346375,
    2.840411541220759,
    0.7019374393113356,
    3.933381022708812
  ],
  "robust_cost": 9.031896384602545,
  "improvement_pct": 0.39352981610008325,
  "timestamp": "2025-12-15T19:41:37.225359",
  "baseline_gains": [
    10.0,
    8.0,
    5.0,
    4.0,
    1.0
  ],
  "baseline_cost": 9.067580015562516
}