{
  "controller": "classical_smc",
  "gains": [
    2.3526881636345247,
    9.578694844675987,
    3.3918048659933113,
    4.201106513742446,
    18.298390099109135,
    0.09302394552703674
  ],
  "metrics": {
    "fitness": 1824.2701309617087,
    "tracking_error_rms": 1.6877174785221698,
    "chattering_index": 236.55265243953878,
    "time_domain_index": 337.82712109398454,
    "freq_domain_index": 0.2455589124987333,
    "control_effort_rms": 27.762265164436467
  },
  "pso_config": {
    "n_particles": 30,
    "iters": 150,
    "seed": 42,
    "fitness_function": "chattering_index + tracking_penalty"
  },
  "elapsed_time": 6397.608632564545
}