{
  "controller": "sta_smc",
  "gains": [
    29.359580455206874,
    17.02545390280685,
    7.176208759065311,
    0.35454734870866833,
    3.123500353965639,
    0.9675086678463636
  ],
  "metrics": {
    "fitness": 1896.421667845953,
    "tracking_error_rms": 1.7087749546971047,
    "chattering_index": 287.6467131488482,
    "time_domain_index": 410.86331602629826,
    "freq_domain_index": 0.1413064347982042,
    "control_effort_rms": 149.08724582709795
  },
  "pso_config": {
    "n_particles": 30,
    "iters": 150,
    "seed": 42,
    "fitness_function": "chattering_index + tracking_penalty"
  },
  "elapsed_time": 6262.272838354111
}