{
  "controller": "classical_smc",
  "gains": [
    23.876435772953997,
    17.880735110523602,
    4.8612618836732935,
    2.0567387525292733,
    1.6742185354605108,
    0.08714382794876316
  ],
  "energy": 2.0589335644672415,
  "rmse": 4.535857208081636,
  "fitness": 2.80201065755156
}