metric,before,after,improvement_pct
energy,4.3679485177987285,2.0589335644672415,52.86268700106241
rmse,9.364696571231221,4.535857208081636,51.564290699861026
fitness,5.866972933828476,2.80201065755156,52.240947944460416
