{
  "controller_name": "classical_smc",
  "original_gains": [
    23.068200752497802,
    12.853586891155206,
    5.514970338688094,
    3.487196490326416,
    2.2331074770549435,
    0.14834799545581934
  ],
  "optimized_gains": [
    23.876435772953997,
    17.880735110523602,
    4.8612618836732935,
    2.0567387525292733,
    1.6742185354605108,
    0.08714382794876316
  ],
  "energy_before": 4.3679485177987285,
  "energy_after": 2.0589335644672415,
  "rmse_before": 9.364696571231221,
  "rmse_after": 4.535857208081636,
  "fitness_before": 5.866972933828476,
  "fitness_after": 2.80201065755156,
  "improvement_pct": 52.240947944460416,
  "n_iterations": 50,
  "n_particles": 30,
  "converged": true,
  "optimization_time_sec": 1111.907121
}