{
  "chattering": {
    "mean": 1190877.0117779286,
    "std": 807209.943998888
  },
  "variance": {
    "mean": 531.1319881817842,
    "std": 112.8236162228128
  },
  "effort": {
    "mean": 1.7293327572182724,
    "std": 0.5704726878674656
  }
}