{
  "controller": "hybrid_adaptive_sta_smc",
  "gains": [
    10.148979254143576,
    12.839386550675101,
    6.815065802267164,
    2.7500136927843215
  ],
  "robust_cost": 9.03149514974868,
  "improvement_pct": 21.388653094606603
}