{
  "controller": "adaptive_smc",
  "gains": [
    2.142207994033271,
    3.355938383745894,
    7.200505646106438,
    0.3374379808658892,
    0.2852044368386544
  ],
  "robust_cost": 9.024595188038605,
  "improvement_pct": 0.4740496080557024
}