{
  "controller": "classical_smc",
  "gains": [
    23.068200752497802,
    12.853586891155206,
    5.514970338688094,
    3.487196490326416,
    2.2331074770549435,
    0.14834799545581934
  ],
  "robust_cost": 8.948163533630144,
  "improvement_pct": 2.152239449960854
}