{
  "controller": "sta_smc",
  "gains": [
    2.017611719524936,
    6.672119935276616,
    5.618034769343865,
    3.7474442752642325,
    4.355334618057576,
    2.054542527244675
  ],
  "robust_cost": 8.94464250939839,
  "improvement_pct": 1.3769988149961454
}