{
  "phase": "2.1",
  "hypothesis": "Gain Interference",
  "test_date": "2025-11-08",
  "baseline_condition": {
    "gains": [
      10.149,
      12.839,
      6.815,
      2.75
    ],
    "description": "MT-8 robust PSO gains (no scaling)",
    "results": {
      "chattering": {
        "mean": 1030.5511823130687,
        "std": 0.0,
        "median": 1030.5511823130687,
        "min": 1030.5511823130687,
        "max": 1030.5511823130687,
        "values": [
          1030.5511823130687,
          1030.5511823130687,
          1030.5511823130687,
          1030.5511823130687,
          1030.5511823130687,
          1030.5511823130687,
          1030.5511823130687,
          1030.5511823130687,
          1030.5511823130687,
          1030.5511823130687
        ]
      },
      "control_effort": {
        "mean": 15.074846219605439,
        "std": 1.7763568394002505e-15,
        "median": 15.07484621960544,
        "min": 15.07484621960544,
        "max": 15.07484621960544,
        "values": [
          15.07484621960544,
          15.07484621960544,
          15.07484621960544,
          15.07484621960544,
          15.07484621960544,
          15.07484621960544,
          15.07484621960544,
          15.07484621960544,
          15.07484621960544,
          15.07484621960544
        ]
      },
      "settling_time": {
        "mean": 10.0,
        "std": 0.0,
        "median": 10.0,
        "min": 10.0,
        "max": 10.0,
        "values": [
          10.0,
          10.0,
          10.0,
          10.0,
          10.0,
          10.0,
          10.0,
          10.0,
          10.0,
          10.0
        ]
      },
      "overshoot": {
        "mean": 334.57355380956403,
        "std": 0.0,
        "median": 334.57355380956403,
        "min": 334.57355380956403,
        "max": 334.57355380956403,
        "values": [
          334.57355380956403,
          334.57355380956403,
          334.57355380956403,
          334.57355380956403,
          334.57355380956403,
          334.57355380956403,
          334.57355380956403,
          334.57355380956403,
          334.57355380956403,
          334.57355380956403
        ]
      },
      "k1_final": {
        "mean": 0.2,
        "std": 0.0,
        "median": 0.2,
        "min": 0.2,
        "max": 0.2,
        "values": [
          0.2,
          0.2,
          0.2,
          0.2,
          0.2,
          0.2,
          0.2,
          0.2,
          0.2,
          0.2
        ]
      },
      "k2_final": {
        "mean": 0.020000000000000007,
        "std": 3.469446951953614e-18,
        "median": 0.020000000000000004,
        "min": 0.020000000000000004,
        "max": 0.020000000000000004,
        "values": [
          0.020000000000000004,
          0.020000000000000004,
          0.020000000000000004,
          0.020000000000000004,
          0.020000000000000004,
          0.020000000000000004,
          0.020000000000000004,
          0.020000000000000004,
          0.020000000000000004,
          0.020000000000000004
        ]
      },
      "mean_s": {
        "mean": 15.211620714275881,
        "std": 0.0,
        "median": 15.211620714275881,
        "min": 15.211620714275881,
        "max": 15.211620714275881,
        "values": [
          15.211620714275881,
          15.211620714275881,
          15.211620714275881,
          15.211620714275881,
          15.211620714275881,
          15.211620714275881,
          15.211620714275881,
          15.211620714275881,
          15.211620714275881,
          15.211620714275881
        ]
      }
    }
  },
  "scaled_condition": {
    "gains": [
      5.075,
      12.839,
      3.408,
      2.75
    ],
    "description": "50% c1/c2 scaling (alpha=0.5)",
    "results": {
      "chattering": {
        "mean": 11602.022119603991,
        "std": 0.0,
        "median": 11602.022119603991,
        "min": 11602.022119603991,
        "max": 11602.022119603991,
        "values": [
          11602.022119603991,
          11602.022119603991,
          11602.022119603991,
          11602.022119603991,
          11602.022119603991,
          11602.022119603991,
          11602.022119603991,
          11602.022119603991,
          11602.022119603991,
          11602.022119603991
        ]
      },
      "control_effort": {
        "mean": 15.957322248748316,
        "std": 1.7763568394002505e-15,
        "median": 15.957322248748314,
        "min": 15.957322248748314,
        "max": 15.957322248748314,
        "values": [
          15.957322248748314,
          15.957322248748314,
          15.957322248748314,
          15.957322248748314,
          15.957322248748314,
          15.957322248748314,
          15.957322248748314,
          15.957322248748314,
          15.957322248748314,
          15.957322248748314
        ]
      },
      "settling_time": {
        "mean": 10.0,
        "std": 0.0,
        "median": 10.0,
        "min": 10.0,
        "max": 10.0,
        "values": [
          10.0,
          10.0,
          10.0,
          10.0,
          10.0,
          10.0,
          10.0,
          10.0,
          10.0,
          10.0
        ]
      },
      "overshoot": {
        "mean": 650.494738533607,
        "std": 0.0,
        "median": 650.494738533607,
        "min": 650.494738533607,
        "max": 650.494738533607,
        "values": [
          650.494738533607,
          650.494738533607,
          650.494738533607,
          650.494738533607,
          650.494738533607,
          650.494738533607,
          650.494738533607,
          650.494738533607,
          650.494738533607,
          650.494738533607
        ]
      },
      "k1_final": {
        "mean": 0.2,
        "std": 0.0,
        "median": 0.2,
        "min": 0.2,
        "max": 0.2,
        "values": [
          0.2,
          0.2,
          0.2,
          0.2,
          0.2,
          0.2,
          0.2,
          0.2,
          0.2,
          0.2
        ]
      },
      "k2_final": {
        "mean": 0.020000000000000007,
        "std": 3.469446951953614e-18,
        "median": 0.020000000000000004,
        "min": 0.020000000000000004,
        "max": 0.020000000000000004,
        "values": [
          0.020000000000000004,
          0.020000000000000004,
          0.020000000000000004,
          0.020000000000000004,
          0.020000000000000004,
          0.020000000000000004,
          0.020000000000000004,
          0.020000000000000004,
          0.020000000000000004,
          0.020000000000000004
        ]
      },
      "mean_s": {
        "mean": 13.352208418202064,
        "std": 0.0,
        "median": 13.352208418202064,
        "min": 13.352208418202064,
        "max": 13.352208418202064,
        "values": [
          13.352208418202064,
          13.352208418202064,
          13.352208418202064,
          13.352208418202064,
          13.352208418202064,
          13.352208418202064,
          13.352208418202064,
          13.352208418202064,
          13.352208418202064,
          13.352208418202064
        ]
      }
    }
  },
  "ratio_analysis": {
    "k1_ratio_observed": 1.0,
    "k2_ratio_observed": 1.0,
    "s_ratio_observed": 0.8777636958612316,
    "R_theoretical": 0.4983672531819776,
    "k1_ratio_vs_theory": 2.0065523840404746,
    "k2_ratio_vs_theory": 2.0065523840404746,
    "hypothesis_validated": false
  },
  "statistical_tests": {
    "chattering": {
      "t_statistic": -Infinity,
      "p_value": 0.0,
      "cohen_d": null,
      "significant": true,
      "effect_size": "large"
    },
    "control_effort": {
      "t_statistic": -1053850393008064.4,
      "p_value": 1.431219568960669e-260,
      "cohen_d": -496789839501407.0,
      "significant": true,
      "effect_size": "large"
    },
    "k1_final": {
      "t_statistic": NaN,
      "p_value": NaN,
      "cohen_d": null,
      "significant": false,
      "effect_size": "undefined"
    },
    "k2_final": {
      "t_statistic": 0.0,
      "p_value": 1.0,
      "cohen_d": 0.0,