{
  "best_gains": [
    40.65932865117594,
    24.943352493220154,
    0.7548963983602874,
    1.9779380317345114,
    4.580715589303381,
    2.671426888952238
  ],
  "best_fitness": 123908.86935428307,
  "n_particles": 30,
  "iters": 50,
  "seed": 42,
  "elapsed_time": 16269.936301708221,
  "cost_history": [
    291896.6658976084,
    291896.6658976084,
    251917.56881699385,
    188777.29559376012,
    151611.48085498044,
    123908.86935428307,
    123908.86935428307,
    123908.86935428307,
    123908.86935428307,
    123908.86935428307,
    123908.86935428307,
    123908.86935428307,
    123908.86935428307,
    123908.86935428307,
    123908.86935428307,
    123908.86935428307,
    123908.86935428307,
    123908.86935428307,
    123908.86935428307,
    123908.86935428307,
    123908.86935428307,
    123908.86935428307,
    123908.86935428307,
    123908.86935428307,
    123908.86935428307,
    123908.86935428307,
    123908.86935428307,
    123908.86935428307,
    123908.86935428307,
    123908.86935428307,
    123908.86935428307,
    123908.86935428307,
    123908.86935428307,
    123908.86935428307,
    123908.86935428307,
    123908.86935428307,
    123908.86935428307,
    123908.86935428307,
    123908.86935428307,
    123908.86935428307,
    123908.86935428307,
    123908.86935428307,
    123908.86935428307,
    123908.86935428307,
    123908.86935428307,
    123908.86935428307,
    123908.86935428307,
    123908.86935428307,
    123908.86935428307,
    123908.86935428307
  ],
  "timestamp": "2025-10-06 17:19:01"
}