{
  "test_parameters": {
    "trials_per_condition": 25,
    "total_trials": 75,
    "ic_range": 0.05,
    "robust_gains": [
      10.149,
      12.839,
      6.815,
      2.75
    ],
    "random_seed": 42,
    "modes_tested": [
      "none",
      "angle_based",
      "s_based"
    ]
  },
  "aggregated_results": {
    "none": {
      "mean_s_variance": {
        "mean": 626.7530312967432,
        "std": 0.0,
        "median": 626.7530312967432,
        "min": 626.7530312967432,
        "max": 626.7530312967432
      },
      "max_s_variance": {
        "mean": 1704.331048768306,
        "std": 0.0,
        "median": 1704.331048768306,
        "min": 1704.331048768306,
        "max": 1704.331048768306
      },
      "std_s_variance": {
        "mean": 464.2737126643985,
        "std": 0.0,
        "median": 464.2737126643985,
        "min": 464.2737126643985,
        "max": 464.2737126643985
      },
      "chattering": {
        "mean": 1037009.1072567764,
        "std": 0.0,
        "median": 1037009.1072567764,
        "min": 1037009.1072567764,
        "max": 1037009.1072567764
      },
      "chattering_std": {
        "mean": 10163393.03703759,
        "std": 0.0,
        "median": 10163393.03703759,
        "min": 10163393.03703759,
        "max": 10163393.03703759
      },
      "control_effort": {
        "mean": 1.7606590196327179,
        "std": 2.220446049250313e-16,
        "median": 1.7606590196327176,
        "min": 1.7606590196327176,
        "max": 1.7606590196327176
      },
      "max_overshoot": {
        "mean": 11.992236310349565,
        "std": 1.7763568394002505e-15,
        "median": 11.992236310349567,
        "min": 11.992236310349567,
        "max": 11.992236310349567
      },
      "settling_time": {
        "mean": 0.0,
        "std": 0.0,
        "median": 0.0,
        "min": 0.0,
        "max": 0.0
      },
      "mean_s": {
        "mean": 65.25285628474367,
        "std": 0.0,
        "median": 65.25285628474367,
        "min": 65.25285628474367,
        "max": 65.25285628474367
      },
      "std_s": {
        "mean": 44.74926445170199,
        "std": 7.105427357601002e-15,
        "median": 44.749264451702,
        "min": 44.749264451702,
        "max": 44.749264451702
      }
    },
    "angle_based": {
      "mean_s_variance": {
        "mean": 289.47673891411523,
        "std": 0.0,
        "median": 289.47673891411523,
        "min": 289.47673891411523,
        "max": 289.47673891411523
      },
      "max_s_variance": {
        "mean": 1179.2929528462828,
        "std": 0.0,
        "median": 1179.2929528462828,
        "min": 1179.2929528462828,
        "max": 1179.2929528462828
      },
      "std_s_variance": {
        "mean": 359.2838469750345,
        "std": 0.0,
        "median": 359.2838469750345,
        "min": 359.2838469750345,
        "max": 359.2838469750345
      },
      "chattering": {
        "mean": 3197516.022561354,
        "std": 0.0,
        "median": 3197516.022561354,
        "min": 3197516.022561354,
        "max": 3197516.022561354
      },
      "chattering_std": {
        "mean": 23575658.584802557,
        "std": 3.725290298461914e-09,
        "median": 23575658.58480256,
        "min": 23575658.58480256,
        "max": 23575658.58480256
      },
      "control_effort": {
        "mean": 2.909115478094223,
        "std": 0.0,
        "median": 2.909115478094223,
        "min": 2.909115478094223,
        "max": 2.909115478094223
      },
      "max_overshoot": {
        "mean": 12.571392072868996,
        "std": 0.0,
        "median": 12.571392072868996,
        "min": 12.571392072868996,
        "max": 12.571392072868996
      },
      "settling_time": {
        "mean": 0.0,
        "std": 0.0,
        "median": 0.0,
        "min": 0.0,
        "max": 0.0
      },
      "mean_s": {
        "mean": 19.43224754909962,
        "std": 3.552713678800501e-15,
        "median": 19.432247549099625,
        "min": 19.432247549099625,
        "max": 19.432247549099625
      },
      "std_s": {
        "mean": 26.186617279258424,
        "std": 3.552713678800501e-15,
        "median": 26.186617279258428,
        "min": 26.186617279258428,
        "max": 26.186617279258428
      }
    },
    "s_based": {
      "mean_s_variance": {
        "mean": 634.2533842560493,
        "std": 0.0,
        "median": 634.2533842560493,
        "min": 634.2533842560493,
        "max": 634.2533842560493
      },
      "max_s_variance": {
        "mean": 1608.7329490875227,
        "std": 0.0,
        "median": 1608.7329490875227,
        "min": 1608.7329490875227,
        "max": 1608.7329490875227
      },
      "std_s_variance": {
        "mean": 442.7999952993703,
        "std": 0.0,
        "median": 442.7999952993703,
        "min": 442.7999952993703,
        "max": 442.7999952993703
      },
      "chattering": {
        "mean": 1419617.46651989,
        "std": 2.3283064365386963e-10,
        "median": 1419617.4665198897,
        "min": 1419617.4665198897,
        "max": 1419617.4665198897
      },
      "chattering_std": {
        "mean": 15842600.863195004,
        "std": 0.0,
        "median": 15842600.863195004,
        "min": 15842600.863195004,
        "max": 15842600.863195004
      },
      "control_effort": {
        "mean": 1.666479291285311,
        "std": 0.0,
        "median": 1.666479291285311,
        "min": 1.666479291285311,
        "max": 1.666479291285311
      },
      "max_overshoot": {
        "mean": 11.97266265771224,
        "std": 1.7763568394002505e-15,
        "median": 11.972662657712238,
        "min": 11.972662657712238,
        "max": 11.972662657712238
      },
      "settling_time": {
        "mean": 0.0,
        "std": 0.0,
        "median": 0.0,
        "min": 0.0,
        "max": 0.0
      },
      "mean_s": {
        "mean": 67.61781619618921,
        "std": 0.0,
        "median": 67.61781619618921,
        "min": 67.61781619618921,
        "max": 67.61781619618921
      },
      "std_s": {
        "mean": 44.29284161122998,
        "std": 0.0,
        "median": 44.29284161122998,
        "min": 44.29284161122998,
        "max": 44.29284161122998
      }
    }
  },
  "statistical_comparison": {
    "angle_based": {
      "mean_s_variance": {
        "baseline_mean": 626.7530312967432,
        "test_mean": 289.47673891411523,
        "t_statistic": Infinity,
        "p_value": 0.0,
        "cohen_d": 0.0,
        "percent_change": -53.81326863067707,
        "ratio": 0.46186731369322925,
        "significant": true
      },
      "max_s_variance": {
        "baseline_mean": 1704.331048768306,
        "test_mean": 1179.2929528462828,
        "t_statistic": Infinity,
        "p_value": 0.0,
        "cohen_d": 0.0,
        "percent_change": -30.8061098987465,
        "ratio": 0.691938901012535,
        "significant": true
      },
      "chattering": {
        "baseline_mean": 1037009.1072567764,
        "test_mean": 3197516.022561354,
        "t_statistic": -Infinity,
        "p_value": 0.0,
        "cohen_d": 0.0,
        "percent_change": 208.3402064828356,
        "ratio": 3.0834020648283555,
        "significant": true
      },
      "chattering_std": {
        "baseline_mean": 10163393.03703759,
        "test_mean": 23575658.584802557,
        "t_statistic": -1.7637931143405826e+16,
        "p_value": 0.0,
        "cohen_d": 5091632146796718.0,
        "percent_change": 131.9664161258724,
        "ratio": 2.3196641612587237,
        "significant": true
      },
      "control_effort": {
        "baseline_mean": 1.7606590196327179,
        "test_mean": 2.909115478094223,
        "t_statistic": -2.533844329146702e+16,
        "p_value": 0.0,
        "cohen_d": 7314578527587276.0,
        "percent_change": 65.22878340753789,
        "ratio": 1.6522878340753788,
        "significant": true
      },
      "max_overshoot": {
        "baseline_mean": 11.992236310349565,
        "test_mean": 12.571392072868996,
        "t_statistic": -1597242252569127.5,