{
  "controller": "adaptive_smc",
  "gains": [
    1.1818169932494254,
    3.4611625953336524,
    7.493099068690231,
    0.38381204933804214,
    0.34968668834712635
  ],
  "chattering": 0.0,
  "rmse": 8.513831406947817,
  "fitness": 2.554149422084345
}