{
  "issue_number": 18,
  "timestamp": "2025-10-01T18:06:14.778251",
  "summary": "Residual distribution analysis for threshold calibration",
  "statistics": {
    "sample_size": 1167,
    "mean": 0.10337324723508798,
    "std": 0.04375589780591456,
    "median": 0.09742037806667765,
    "min": 0.011645763391651144,
    "max": 0.26679233339870323,
    "p25": 0.07076573722384971,
    "p75": 0.13280944415577517,
    "p90": 0.16284102633734676,
    "p95": 0.1819658616973596,
    "p99": 0.21861487349568132,
    "shapiro_statistic": 0.9792400557102448,
    "shapiro_pvalue": 6.898163794283327e-12,
    "is_normal": false
  },
  "histogram": {
    "counts": [
      3,
      5,
      7,
      17,
      15,
      21,
      26,
      33,
      42,
      49,
      42,
      52,
      52,
      59,
      64,
      53,
      56,
      47,
      40,
      38,
      50,
      44,
      37,
      34,
      37,
      27,
      29,
      34,
      28,
      17,
      9,
      21,
      18,
      9,
      13,
      10,
      5,
      4,
      3,
      4,
      1,
      3,
      1,
      4,
      1,
      0,
      0,
      1,
      1,
      1
    ],
    "bin_edges": [
      0.011645763391651144,
      0.016748694791792185,
      0.021851626191933225,
      0.02695455759207427,
      0.03205748899221531,
      0.037160420392356355,
      0.04226335179249739,
      0.047366283192638435,
      0.05246921459277948,
      0.05757214599292052,
      0.06267507739306157,
      0.0677780087932026,
      0.07288094019334364,
      0.07798387159348469,
      0.08308680299362572,
      0.08818973439376677,
      0.09329266579390781,
      0.09839559719404885,
      0.1034985285941899,
      0.10860145999433093,
      0.11370439139447198,
      0.11880732279461302,
      0.12391025419475406,
      0.1290131855948951,
      0.13411611699503614,
      0.13921904839517718,
      0.14432197979531822,
      0.14942491119545925,
      0.1545278425956003,
      0.15963077399574133,
      0.1647337053958824,
      0.16983663679602343,
      0.17493956819616446,
      0.1800424995963055,
      0.18514543099644654,
      0.1902483623965876,
      0.19535129379672864,
      0.20045422519686967,
      0.2055571565970107,
      0.21066008799715175,
      0.2157630193972928,
      0.22086595079743385,
      0.22596888219757488,
      0.23107181359771592,
      0.23617474499785696,
      0.241277676397998,
      0.24638060779813906,
      0.2514835391982801,
      0.25658647059842116,
      0.26168940199856217,
      0.26679233339870323
    ],
    "bin_centers": [
      0.014197229091721664,
      0.019300160491862707,
      0.024403091892003747,
      0.02950602329214479,
      0.03460895469228584,
      0.039711886092426874,
      0.04481481749256791,
      0.04991774889270896,
      0.05502068029285,
      0.06012361169299105,
      0.06522654309313208,
      0.07032947449327312,
      0.07543240589341416,
      0.0805353372935552,
      0.08563826869369626,
      0.0907412000938373,
      0.09584413149397833,
      0.10094706289411937,
      0.10604999429426042,
      0.11115292569440147,
      0.1162558570945425,
      0.12135878849468354,
      0.12646171989482458,
      0.13156465129496564,
      0.13666758269510665,
      0.1417705140952477,
      0.14687344549538872,
      0.15197637689552979,
      0.1570793082956708,
      0.16218223969581186,
      0.16728517109595292,
      0.17238810249609393,
      0.177491033896235,
      0.182593965296376,
      0.18769689669651707,
      0.19279982809665813,
      0.19790275949679914,
      0.2030056908969402,
      0.2081086222970812,
      0.21321155369722228,
      0.21831448509736334,
      0.22341741649750435,
      0.22852034789764542,
      0.23362327929778642,
      0.2387262106979275,
      0.24382914209806852,
      0.24893207349820956,
      0.2540350048983506,
      0.2591379362984917,
      0.2642408676986327
    ],
    "num_bins": 50,
    "total_samples": 1167
  },
  "recommended_threshold": 0.15,
  "threshold_visualization": {
    "mean_line": 0.10337324723508798,
    "threshold_line": 0.15,
    "p95_line": 0.1819658616973596,
    "p99_line": 0.21861487349568132
  }
}