{
  "fixed_boundary_layer": {
    "epsilon": 0.02,
    "alpha": 0.0,
    "metrics": {
      "zero_crossing_rate": 0.3,
      "steady_state_variance": 53.63428825427495,
      "steady_state_mean_abs_du": 0.0,
      "freq_domain_20hz": 0.00015325152107062456,
      "freq_domain_10hz": 0.0003434778652879396,
      "total_variation": 163.34736292732396,
      "spectral_entropy": 3.215147844749581
    }
  },
  "adaptive_boundary_layer": {
    "epsilon_min": 0.0206,
    "alpha": 0.2829,
    "metrics": {
      "zero_crossing_rate": 0.3,
      "steady_state_variance": 51.440281779305394,
      "steady_state_mean_abs_du": 0.0,
      "freq_domain_20hz": 0.0001308575416574852,
      "freq_domain_10hz": 0.0002936298690557456,
      "total_variation": 164.02705270409348,
      "spectral_entropy": 3.2974003661502174
    }
  },
  "bias_hypothesis_validated": true,
  "predictions": {
    "zero_crossing_better": false,
    "steady_state_variance_better": true,
    "freq_domain_20hz_better": true
  }
}