controller_name,n_runs,n_success,success_rate,settling_time_mean,settling_time_std,settling_time_ci_lower,settling_time_ci_upper,overshoot_mean,overshoot_std,overshoot_ci_lower,overshoot_ci_upper,energy_mean,energy_std,energy_ci_lower,energy_ci_upper,chattering_freq_mean,chattering_freq_std,chattering_amp_mean,chattering_amp_std
classical_smc,5,5,1.0,10.0,0.0,10.0,10.0,4619.1101626999125,2552.8170046643086,2381.46739893357,6856.752926466255,3733.8617628746442,324.0320780351641,3449.835123550804,4017.8884021984845,0.0,0.0,6.276607266620813,0.3227808469223823
sta_smc,5,5,1.0,10.0,0.0,10.0,10.0,4522.690976117059,2301.325018212436,2505.4906579318313,6539.891294302287,1571.1907166418282,71.34199127733386,1508.6567041204726,1633.7247291631838,0.0,0.0,0.46251244547493825,0.020818179652915988
adaptive_smc,5,5,1.0,10.0,0.0,10.0,10.0,4617.359242659905,2344.9733227124243,2561.8994986965604,6672.81898662325,2979.1675005694588,457.1349198535621,2578.4710763423172,3379.8639247966003,0.0,0.0,3.905824058607841,0.26698759889049767
hybrid_adaptive_sta_smc,5,5,1.0,10.0,0.0,10.0,10.0,3284.709024785735,1710.1785996759663,1785.6713885897177,4783.746660981752,213.50950853761987,184.33219095740694,51.93521924410416,375.0837978311356,0.0,0.0,2.1256754038594887,1.7305035146328855
