controller_name,n_runs,n_success,success_rate,settling_time_mean,settling_time_std,settling_time_ci_lower,settling_time_ci_upper,overshoot_mean,overshoot_std,overshoot_ci_lower,overshoot_ci_upper,energy_mean,energy_std,energy_ci_lower,energy_ci_upper,chattering_freq_mean,chattering_freq_std,chattering_amp_mean,chattering_amp_std
classical_smc,5,5,1.0,10.0,0.0,10.0,10.0,4615.513660997245,2548.215831565471,2381.9040032743987,6849.123318720091,3428.373580813973,534.6491517823406,2959.73293659479,3897.0142250331564,0.0,0.0,6.2708815604885215,0.3571500514938573
sta_smc,5,5,1.0,10.0,0.0,10.0,10.0,4518.464006816392,2299.0977789880567,2503.2159498878473,6533.712063744936,1563.144585113863,69.07644087101795,1502.5964150807774,1623.6927551469487,0.0,0.0,0.4251185843803804,0.02097109693120518
adaptive_smc,5,5,1.0,10.0,0.0,10.0,10.0,4629.555882480568,2318.1423062999793,2597.61456134585,6661.497203615285,2622.069438535954,389.1547936309544,2280.9602221830974,2963.1786548888103,0.0,0.0,3.9192368256023116,0.2908063338283698
hybrid_adaptive_sta_smc,5,5,1.0,10.0,0.0,10.0,10.0,3595.8654387714714,1860.1301605638437,1965.389464252277,5226.3414132906655,215.31019326041115,183.2533752140146,54.68152765916497,375.9388588616573,0.0,0.0,2.1329799055834235,1.7243409504051934
