{
  "configuration": {
    "seeds": [
      42,
      43,
      44,
      45,
      46,
      47,
      48,
      49,
      50,
      51
    ],
    "n_runs_per_seed": 50,
    "total_runs": 49,
    "epsilon_min": 0.00250336,
    "alpha": 1.21441504
  },
  "per_seed_statistics": {
    "42": {
      "mean": 102.69424726962805,
      "std": 5.681320228450447,
      "n": 5
    },
    "43": {
      "mean": 106.05489806176352,
      "std": 5.902865746355393,
      "n": 6
    },
    "44": {
      "mean": 109.81643611955752,
      "std": 3.4224859708102273,
      "n": 4
    },
    "45": {
      "mean": 108.31603479490195,
      "std": 4.78161471900407,
      "n": 4
    },
    "46": {
      "mean": 111.35691118570264,
      "std": 2.3699559732214737,
      "n": 3
    },
    "47": {
      "mean": 107.69453247953379,
      "std": 4.495603708030961,
      "n": 7
    },
    "48": {
      "mean": 111.02173366938034,
      "std": 2.208318654992378,
      "n": 5
    },
    "49": {
      "mean": 103.23077778452111,
      "std": 9.438714227916096,
      "n": 4
    },
    "50": {
      "mean": 109.29405864127644,
      "std": 3.532425158680756,
      "n": 5
    },
    "51": {
      "mean": 107.99640572666584,
      "std": 6.557383420828339,
      "n": 6
    }
  },
  "global_statistics": {
    "mean": 107.60700972126055,
    "std": 5.477594520672413,
    "variance": 30.004041732900433,
    "cv": 0.05090369609620489,
    "p95": 114.5727301813437,
    "p99": 115.72579573771023,
    "n_total": 49
  }
}