controller,rmse,energy,fitness,weight_rmse,weight_energy,is_dominated,gains
classical_smc,9.364696571231221,4.3679485177987285,3.7909454946292827,0.9,0.1,False,"[28.851303285415778, 14.776701787016506, 7.77185475313359, 2.1792583845935662, 1.6770465006034705, 0.19779931351799318]"
classical_smc,9.364696571231221,4.3679485177987285,3.557661469261536,0.7,0.3,False,"[32.83874277955165, 12.408656866463954, 5.320136438369037, 3.734835105414049, 1.3422609821341585, 0.10279884616661067]"
classical_smc,9.364696571231221,4.3679485177987285,3.289059178262047,0.5,0.5,False,"[15.265690217159538, 6.881439633289565, 4.160634652101518, 3.70520255054852, 1.7862607604432181, 0.12575860225314334]"
classical_smc,9.364696571231221,4.3679485177987285,2.80201065755156,0.3,0.7,False,"[23.876435772953997, 17.880735110523602, 4.8612618836732935, 2.0567387525292733, 1.6742185354605108, 0.08714382794876316]"
classical_smc,9.364696571231221,4.3679485177987285,2.2629664808665426,0.1,0.9,False,"[19.157360603712874, 7.852351971753675, 3.124799985085847, 1.9360166131587109, 1.5814029404037626, 0.13310573059713082]"
